sector_2d,year,firms,median_revenue,mean_revenue,sector_name,sector_2d_code,sector_label
01,2003,1035,16812.0,54265.458006763285,Растениеводство в сочетании с животноводством (смешанное сельское хозяйство),01,01 — Растениеводство в сочетании с животноводством (с
01,2004,1035,20069.0,69417.53668985509,Растениеводство в сочетании с животноводством (смешанное сельское хозяйство),01,01 — Растениеводство в сочетании с животноводством (с
01,2005,1035,22894.0,82889.51569178744,Растениеводство в сочетании с животноводством (смешанное сельское хозяйство),01,01 — Растениеводство в сочетании с животноводством (с
01,2006,1035,26453.0,94244.69568405798,Растениеводство в сочетании с животноводством (смешанное сельское хозяйство),01,01 — Растениеводство в сочетании с животноводством (с
01,2007,1035,32855.0,120053.21910917874,Растениеводство в сочетании с животноводством (смешанное сельское хозяйство),01,01 — Растениеводство в сочетании с животноводством (с
01,2008,1035,38705.0,147727.50852270532,Растениеводство в сочетании с животноводством (смешанное сельское хозяйство),01,01 — Растениеводство в сочетании с животноводством (с
01,2009,1035,39191.0,164041.7265700483,Растениеводство в сочетании с животноводством (смешанное сельское хозяйство),01,01 — Растениеводство в сочетании с животноводством (с
01,2010,1035,44529.0,180733.6309178744,Растениеводство в сочетании с животноводством (смешанное сельское хозяйство),01,01 — Растениеводство в сочетании с животноводством (с
01,2011,1035,47972.0,210453.97391304348,Растениеводство в сочетании с животноводством (смешанное сельское хозяйство),01,01 — Растениеводство в сочетании с животноводством (с
01,2012,1035,52447.0,244710.55555555556,Растениеводство в сочетании с животноводством (смешанное сельское хозяйство),01,01 — Растениеводство в сочетании с животноводством (с
01,2013,1035,54843.0,262258.8183574879,Растениеводство в сочетании с животноводством (смешанное сельское хозяйство),01,01 — Растениеводство в сочетании с животноводством (с
01,2014,1035,65391.0,320542.9555555555,Растениеводство в сочетании с животноводством (смешанное сельское хозяйство),01,01 — Растениеводство в сочетании с животноводством (с
01,2015,1035,80071.0,388110.69178743963,Растениеводство в сочетании с животноводством (смешанное сельское хозяйство),01,01 — Растениеводство в сочетании с животноводством (с
01,2016,1035,84533.0,407764.2260869565,Растениеводство в сочетании с животноводством (смешанное сельское хозяйство),01,01 — Растениеводство в сочетании с животноводством (с
01,2017,1035,85710.0,410233.86376811593,Растениеводство в сочетании с животноводством (смешанное сельское хозяйство),01,01 — Растениеводство в сочетании с животноводством (с
01,2018,1035,86987.0,444930.08792270534,Растениеводство в сочетании с животноводством (смешанное сельское хозяйство),01,01 — Растениеводство в сочетании с животноводством (с
01,2019,1035,89392.0,466180.95072463766,Растениеводство в сочетании с животноводством (смешанное сельское хозяйство),01,01 — Растениеводство в сочетании с животноводством (с
01,2020,1035,103838.0,500121.5845410628,Растениеводство в сочетании с животноводством (смешанное сельское хозяйство),01,01 — Растениеводство в сочетании с животноводством (с
01,2021,1035,114861.0,599388.8057971015,Растениеводство в сочетании с животноводством (смешанное сельское хозяйство),01,01 — Растениеводство в сочетании с животноводством (с
01,2022,1035,119945.0,655171.3391304348,Растениеводство в сочетании с животноводством (смешанное сельское хозяйство),01,01 — Растениеводство в сочетании с животноводством (с
05,2003,126,40718.0,217394.05669841272,Рыболовство в открытых районах Мирового океана и внутренних морских водах,05,05 — Рыболовство в открытых районах Мирового океана и
05,2004,126,49827.5,215641.03174603175,Рыболовство в открытых районах Мирового океана и внутренних морских водах,05,05 — Рыболовство в открытых районах Мирового океана и
05,2005,126,49401.5,260661.16666666666,Рыболовство в открытых районах Мирового океана и внутренних морских водах,05,05 — Рыболовство в открытых районах Мирового океана и
05,2006,126,71737.5,294637.4285714286,Рыболовство в открытых районах Мирового океана и внутренних морских водах,05,05 — Рыболовство в открытых районах Мирового океана и
05,2007,126,82336.0,330207.71428571426,Рыболовство в открытых районах Мирового океана и внутренних морских водах,05,05 — Рыболовство в открытых районах Мирового океана и
05,2008,126,92095.0,360434.9365079365,Рыболовство в открытых районах Мирового океана и внутренних морских водах,05,05 — Рыболовство в открытых районах Мирового океана и
05,2009,126,114751.5,422586.20634920633,Рыболовство в открытых районах Мирового океана и внутренних морских водах,05,05 — Рыболовство в открытых районах Мирового океана и
05,2010,126,116719.0,461050.50793650793,Рыболовство в открытых районах Мирового океана и внутренних морских водах,05,05 — Рыболовство в открытых районах Мирового океана и
05,2011,126,157099.0,531850.6904761905,Рыболовство в открытых районах Мирового океана и внутренних морских водах,05,05 — Рыболовство в открытых районах Мирового океана и
05,2012,126,150894.0,584369.4841269841,Рыболовство в открытых районах Мирового океана и внутренних морских водах,05,05 — Рыболовство в открытых районах Мирового океана и
05,2013,126,174257.0,607187.253968254,Рыболовство в открытых районах Мирового океана и внутренних морских водах,05,05 — Рыболовство в открытых районах Мирового океана и
05,2014,126,172644.0,745967.5396825396,Рыболовство в открытых районах Мирового океана и внутренних морских водах,05,05 — Рыболовство в открытых районах Мирового океана и
05,2015,126,199459.0,1118969.4365079366,Рыболовство в открытых районах Мирового океана и внутренних морских водах,05,05 — Рыболовство в открытых районах Мирового океана и
05,2016,126,267733.5,1225870.357142857,Рыболовство в открытых районах Мирового океана и внутренних морских водах,05,05 — Рыболовство в открытых районах Мирового океана и
05,2017,126,239284.0,1223812.4126984128,Рыболовство в открытых районах Мирового океана и внутренних морских водах,05,05 — Рыболовство в открытых районах Мирового океана и
05,2018,126,297827.0,1482934.6984126985,Рыболовство в открытых районах Мирового океана и внутренних морских водах,05,05 — Рыболовство в открытых районах Мирового океана и
05,2019,126,298152.0,1569542.5793650793,Рыболовство в открытых районах Мирового океана и внутренних морских водах,05,05 — Рыболовство в открытых районах Мирового океана и
05,2020,126,356969.0,1504697.380952381,Рыболовство в открытых районах Мирового океана и внутренних морских водах,05,05 — Рыболовство в открытых районах Мирового океана и
05,2021,126,387218.5,1698246.6246111111,Рыболовство в открытых районах Мирового океана и внутренних морских водах,05,05 — Рыболовство в открытых районах Мирового океана и
05,2022,126,297962.0,1734091.6984126985,Рыболовство в открытых районах Мирового океана и внутренних морских водах,05,05 — Рыболовство в открытых районах Мирового океана и
15,2003,865,81224.0,294346.5254115607,Производство хлеба и мучных кондитерских изделий недлительного хранения,15,15 — Производство хлеба и мучных кондитерских изделий
15,2004,865,101694.0,353926.0523618497,Производство хлеба и мучных кондитерских изделий недлительного хранения,15,15 — Производство хлеба и мучных кондитерских изделий
15,2005,865,115005.0,417227.56391791906,Производство хлеба и мучных кондитерских изделий недлительного хранения,15,15 — Производство хлеба и мучных кондитерских изделий
15,2006,865,140448.0,500296.41070404625,Производство хлеба и мучных кондитерских изделий недлительного хранения,15,15 — Производство хлеба и мучных кондитерских изделий
15,2007,865,168060.0,635838.8144358381,Производство хлеба и мучных кондитерских изделий недлительного хранения,15,15 — Производство хлеба и мучных кондитерских изделий
15,2008,865,203626.0,830406.6994219653,Производство хлеба и мучных кондитерских изделий недлительного хранения,15,15 — Производство хлеба и мучных кондитерских изделий
15,2009,865,214118.0,893496.5664739885,Производство хлеба и мучных кондитерских изделий недлительного хранения,15,15 — Производство хлеба и мучных кондитерских изделий
15,2010,865,244852.0,1021284.2797687862,Производство хлеба и мучных кондитерских изделий недлительного хранения,15,15 — Производство хлеба и мучных кондитерских изделий
15,2011,865,268583.0,1171122.0462427745,Производство хлеба и мучных кондитерских изделий недлительного хранения,15,15 — Производство хлеба и мучных кондитерских изделий
15,2012,865,298909.0,1311956.198714451,Производство хлеба и мучных кондитерских изделий недлительного хранения,15,15 — Производство хлеба и мучных кондитерских изделий
15,2013,865,321981.0,1407308.434682081,Производство хлеба и мучных кондитерских изделий недлительного хранения,15,15 — Производство хлеба и мучных кондитерских изделий
15,2014,865,358372.0,1587297.0427745664,Производство хлеба и мучных кондитерских изделий недлительного хранения,15,15 — Производство хлеба и мучных кондитерских изделий
15,2015,865,402401.0,1853400.387283237,Производство хлеба и мучных кондитерских изделий недлительного хранения,15,15 — Производство хлеба и мучных кондитерских изделий
15,2016,865,429235.0,1968965.8406450867,Производство хлеба и мучных кондитерских изделий недлительного хранения,15,15 — Производство хлеба и мучных кондитерских изделий
15,2017,865,426341.0,1863623.2905479767,Производство хлеба и мучных кондитерских изделий недлительного хранения,15,15 — Производство хлеба и мучных кондитерских изделий
15,2018,865,413640.0,1953326.110982659,Производство хлеба и мучных кондитерских изделий недлительного хранения,15,15 — Производство хлеба и мучных кондитерских изделий
15,2019,865,454366.0,2124973.7352601155,Производство хлеба и мучных кондитерских изделий недлительного хранения,15,15 — Производство хлеба и мучных кондитерских изделий
15,2020,865,459422.0,2234316.516763006,Производство хлеба и мучных кондитерских изделий недлительного хранения,15,15 — Производство хлеба и мучных кондитерских изделий
15,2021,865,463787.0,2537504.0994219654,Производство хлеба и мучных кондитерских изделий недлительного хранения,15,15 — Производство хлеба и мучных кондитерских изделий
15,2022,865,495563.0,2998303.5919075143,Производство хлеба и мучных кондитерских изделий недлительного хранения,15,15 — Производство хлеба и мучных кондитерских изделий
18,2003,112,13125.5,70050.12216071428,Производство спецодежды,18,18 — Производство спецодежды
18,2004,112,15470.5,79397.4334375,Производство спецодежды,18,18 — Производство спецодежды
18,2005,112,16146.5,91789.00659821428,Производство спецодежды,18,18 — Производство спецодежды
18,2006,112,23324.5,109384.78536607142,Производство спецодежды,18,18 — Производство спецодежды
18,2007,112,30431.0,128310.97721428573,Производство спецодежды,18,18 — Производство спецодежды
18,2008,112,39771.5,152727.51735714285,Производство спецодежды,18,18 — Производство спецодежды
18,2009,112,34417.5,155692.51785714287,Производство спецодежды,18,18 — Производство спецодежды
18,2010,112,41961.5,197040.69642857142,Производство спецодежды,18,18 — Производство спецодежды
18,2011,112,53080.5,273904.72321428574,Производство спецодежды,18,18 — Производство спецодежды
18,2012,112,56229.5,355584.58928571426,Производство спецодежды,18,18 — Производство спецодежды
18,2013,112,57506.0,406308.375,Производство спецодежды,18,18 — Производство спецодежды
18,2014,112,54946.5,412109.53571428574,Производство спецодежды,18,18 — Производство спецодежды
18,2015,112,54583.0,385691.47321428574,Производство спецодежды,18,18 — Производство спецодежды
18,2016,112,60572.0,493148.14285714284,Производство спецодежды,18,18 — Производство спецодежды
18,2017,112,62811.5,571385.7410714285,Производство спецодежды,18,18 — Производство спецодежды
18,2018,112,65626.0,560577.0535714285,Производство спецодежды,18,18 — Производство спецодежды
18,2019,112,68001.5,566992.3660714285,Производство спецодежды,18,18 — Производство спецодежды
18,2020,112,61179.0,591471.7767857143,Производство спецодежды,18,18 — Производство спецодежды
18,2021,112,59565.0,719133.2589285715,Производство спецодежды,18,18 — Производство спецодежды
18,2022,112,64651.0,841062.3571428572,Производство спецодежды,18,18 — Производство спецодежды
20,2003,112,42554.1525,236294.76422321427,"Производство клееной фанеры, древесных плит и панелей",20,"20 — Производство клееной фанеры, древесных плит и па"
20,2004,112,60007.0,301082.402875,"Производство клееной фанеры, древесных плит и панелей",20,"20 — Производство клееной фанеры, древесных плит и па"
20,2005,112,80015.0,374808.00826785713,"Производство клееной фанеры, древесных плит и панелей",20,"20 — Производство клееной фанеры, древесных плит и па"
20,2006,112,103069.0,450396.37668750004,"Производство клееной фанеры, древесных плит и панелей",20,"20 — Производство клееной фанеры, древесных плит и па"
20,2007,112,131155.5,649624.6375446429,"Производство клееной фанеры, древесных плит и панелей",20,"20 — Производство клееной фанеры, древесных плит и па"
20,2008,112,145096.5,717252.3929375,"Производство клееной фанеры, древесных плит и панелей",20,"20 — Производство клееной фанеры, древесных плит и па"
20,2009,112,98027.5,589909.1696428572,"Производство клееной фанеры, древесных плит и панелей",20,"20 — Производство клееной фанеры, древесных плит и па"
20,2010,112,127583.5,725120.2767857143,"Производство клееной фанеры, древесных плит и панелей",20,"20 — Производство клееной фанеры, древесных плит и па"
20,2011,112,149440.5,887351.3392857143,"Производство клееной фанеры, древесных плит и панелей",20,"20 — Производство клееной фанеры, древесных плит и па"
20,2012,112,156284.0,943331.1517857143,"Производство клееной фанеры, древесных плит и панелей",20,"20 — Производство клееной фанеры, древесных плит и па"
20,2013,112,168874.0,986821.9196428572,"Производство клееной фанеры, древесных плит и панелей",20,"20 — Производство клееной фанеры, древесных плит и па"
20,2014,112,183282.0,1125841.8660714286,"Производство клееной фанеры, древесных плит и панелей",20,"20 — Производство клееной фанеры, древесных плит и па"
20,2015,112,183007.0,1308034.544642857,"Производство клееной фанеры, древесных плит и панелей",20,"20 — Производство клееной фанеры, древесных плит и па"
20,2016,112,187675.5,1413593.732142857,"Производство клееной фанеры, древесных плит и панелей",20,"20 — Производство клееной фанеры, древесных плит и па"
20,2017,112,206381.0,1450356.1875,"Производство клееной фанеры, древесных плит и панелей",20,"20 — Производство клееной фанеры, древесных плит и па"
20,2018,112,236677.5,1834176.857142857,"Производство клееной фанеры, древесных плит и панелей",20,"20 — Производство клееной фанеры, древесных плит и па"
20,2019,112,243653.0,1773698.669642857,"Производство клееной фанеры, древесных плит и панелей",20,"20 — Производство клееной фанеры, древесных плит и па"
20,2020,112,219992.5,1869839.833,"Производство клееной фанеры, древесных плит и панелей",20,"20 — Производство клееной фанеры, древесных плит и па"
20,2021,112,326140.5,2883473.328625,"Производство клееной фанеры, древесных плит и панелей",20,"20 — Производство клееной фанеры, древесных плит и па"
20,2022,112,356810.0,2284688.526785714,"Производство клееной фанеры, древесных плит и панелей",20,"20 — Производство клееной фанеры, древесных плит и па"
21,2003,128,42476.5,558589.1002734374,"Производство гофрированного картона, бумажной и картонной тары",21,"21 — Производство гофрированного картона, бумажной и "
21,2004,128,59487.0,601897.1647734375,"Производство гофрированного картона, бумажной и картонной тары",21,"21 — Производство гофрированного картона, бумажной и "
21,2005,128,62201.0,671893.8334609375,"Производство гофрированного картона, бумажной и картонной тары",21,"21 — Производство гофрированного картона, бумажной и "
21,2006,128,89566.0,758661.7268203126,"Производство гофрированного картона, бумажной и картонной тары",21,"21 — Производство гофрированного картона, бумажной и "
21,2007,128,112541.5,863657.65115625,"Производство гофрированного картона, бумажной и картонной тары",21,"21 — Производство гофрированного картона, бумажной и "
21,2008,128,130775.0,948927.8762109375,"Производство гофрированного картона, бумажной и картонной тары",21,"21 — Производство гофрированного картона, бумажной и "
21,2009,128,126241.0,975225.3697578125,"Производство гофрированного картона, бумажной и картонной тары",21,"21 — Производство гофрированного картона, бумажной и "
21,2010,128,152780.0,1104792.0719140626,"Производство гофрированного картона, бумажной и картонной тары",21,"21 — Производство гофрированного картона, бумажной и "
21,2011,128,166136.5,1282063.9921875,"Производство гофрированного картона, бумажной и картонной тары",21,"21 — Производство гофрированного картона, бумажной и "
21,2012,128,166456.0,1319447.3984375,"Производство гофрированного картона, бумажной и картонной тары",21,"21 — Производство гофрированного картона, бумажной и "
21,2013,128,160741.0,1380593.4765625,"Производство гофрированного картона, бумажной и картонной тары",21,"21 — Производство гофрированного картона, бумажной и "
21,2014,128,181356.5,1501559.953125,"Производство гофрированного картона, бумажной и картонной тары",21,"21 — Производство гофрированного картона, бумажной и "
21,2015,128,229226.0,1938941.3671875,"Производство гофрированного картона, бумажной и картонной тары",21,"21 — Производство гофрированного картона, бумажной и "
21,2016,128,194311.0,2188420.7890625,"Производство гофрированного картона, бумажной и картонной тары",21,"21 — Производство гофрированного картона, бумажной и "
21,2017,128,212630.5,2184903.5703125,"Производство гофрированного картона, бумажной и картонной тары",21,"21 — Производство гофрированного картона, бумажной и "
21,2018,128,244579.5,2669642.546875,"Производство гофрированного картона, бумажной и картонной тары",21,"21 — Производство гофрированного картона, бумажной и "
21,2019,128,284775.5,2635006.5546875,"Производство гофрированного картона, бумажной и картонной тары",21,"21 — Производство гофрированного картона, бумажной и "
21,2020,128,315010.5,2596455.0859375,"Производство гофрированного картона, бумажной и картонной тары",21,"21 — Производство гофрированного картона, бумажной и "
21,2021,128,383742.0,3543309.234375,"Производство гофрированного картона, бумажной и картонной тары",21,"21 — Производство гофрированного картона, бумажной и "
21,2022,128,436160.0,3460411.359375,"Производство гофрированного картона, бумажной и картонной тары",21,"21 — Производство гофрированного картона, бумажной и "
22,2003,293,15120.06,49264.01674061433,"Полиграфическая деятельность, не включенная в другие группировки",22,"22 — Полиграфическая деятельность, не включенная в др"
22,2004,293,16629.0,58417.76141979523,"Полиграфическая деятельность, не включенная в другие группировки",22,"22 — Полиграфическая деятельность, не включенная в др"
22,2005,293,22417.0,69825.4660341297,"Полиграфическая деятельность, не включенная в другие группировки",22,"22 — Полиграфическая деятельность, не включенная в др"
22,2006,293,26384.0,83622.2054880546,"Полиграфическая деятельность, не включенная в другие группировки",22,"22 — Полиграфическая деятельность, не включенная в др"
22,2007,293,30768.0,105566.47974061433,"Полиграфическая деятельность, не включенная в другие группировки",22,"22 — Полиграфическая деятельность, не включенная в др"
22,2008,293,33285.0,118358.59053924914,"Полиграфическая деятельность, не включенная в другие группировки",22,"22 — Полиграфическая деятельность, не включенная в др"
22,2009,293,29352.0,111777.62650170649,"Полиграфическая деятельность, не включенная в другие группировки",22,"22 — Полиграфическая деятельность, не включенная в др"
22,2010,293,34068.0,125777.87030716724,"Полиграфическая деятельность, не включенная в другие группировки",22,"22 — Полиграфическая деятельность, не включенная в др"
22,2011,293,34999.0,137909.65529010238,"Полиграфическая деятельность, не включенная в другие группировки",22,"22 — Полиграфическая деятельность, не включенная в др"
22,2012,293,35554.0,146361.5938566553,"Полиграфическая деятельность, не включенная в другие группировки",22,"22 — Полиграфическая деятельность, не включенная в др"
22,2013,293,37214.0,153405.62798634812,"Полиграфическая деятельность, не включенная в другие группировки",22,"22 — Полиграфическая деятельность, не включенная в др"
22,2014,293,34724.0,153534.39590443685,"Полиграфическая деятельность, не включенная в другие группировки",22,"22 — Полиграфическая деятельность, не включенная в др"
22,2015,293,36097.0,178792.5051194539,"Полиграфическая деятельность, не включенная в другие группировки",22,"22 — Полиграфическая деятельность, не включенная в др"
22,2016,293,35629.0,195493.84641638226,"Полиграфическая деятельность, не включенная в другие группировки",22,"22 — Полиграфическая деятельность, не включенная в др"
22,2017,293,34953.0,197788.5085324232,"Полиграфическая деятельность, не включенная в другие группировки",22,"22 — Полиграфическая деятельность, не включенная в др"
22,2018,293,33206.0,212288.9795221843,"Полиграфическая деятельность, не включенная в другие группировки",22,"22 — Полиграфическая деятельность, не включенная в др"
22,2019,293,31300.0,220629.72354948806,"Полиграфическая деятельность, не включенная в другие группировки",22,"22 — Полиграфическая деятельность, не включенная в др"
22,2020,293,26994.0,209036.19453924915,"Полиграфическая деятельность, не включенная в другие группировки",22,"22 — Полиграфическая деятельность, не включенная в др"
22,2021,293,33684.0,244855.75426621162,"Полиграфическая деятельность, не включенная в другие группировки",22,"22 — Полиграфическая деятельность, не включенная в др"
22,2022,293,32524.0,289988.89761092153,"Полиграфическая деятельность, не включенная в другие группировки",22,"22 — Полиграфическая деятельность, не включенная в др"
24,2003,245,42956.0,323240.08357142855,Производство прочих фармацевтических продуктов и изделий медицинского назначения,24,24 — Производство прочих фармацевтических продуктов и
24,2004,245,52164.0,386372.9737020408,Производство прочих фармацевтических продуктов и изделий медицинского назначения,24,24 — Производство прочих фармацевтических продуктов и
24,2005,245,69416.0,475041.9512857143,Производство прочих фармацевтических продуктов и изделий медицинского назначения,24,24 — Производство прочих фармацевтических продуктов и
24,2006,245,82812.0,551147.9374816327,Производство прочих фармацевтических продуктов и изделий медицинского назначения,24,24 — Производство прочих фармацевтических продуктов и
24,2007,245,97545.0,674227.1560571429,Производство прочих фармацевтических продуктов и изделий медицинского назначения,24,24 — Производство прочих фармацевтических продуктов и
24,2008,245,115500.0,807018.7542000001,Производство прочих фармацевтических продуктов и изделий медицинского назначения,24,24 — Производство прочих фармацевтических продуктов и
24,2009,245,105509.0,888472.3033632654,Производство прочих фармацевтических продуктов и изделий медицинского назначения,24,24 — Производство прочих фармацевтических продуктов и
24,2010,245,124913.0,1085786.3755102041,Производство прочих фармацевтических продуктов и изделий медицинского назначения,24,24 — Производство прочих фармацевтических продуктов и
24,2011,245,146702.0,1253875.9795918367,Производство прочих фармацевтических продуктов и изделий медицинского назначения,24,24 — Производство прочих фармацевтических продуктов и
24,2012,245,185183.0,1320853.0693877551,Производство прочих фармацевтических продуктов и изделий медицинского назначения,24,24 — Производство прочих фармацевтических продуктов и
24,2013,245,168640.0,1445793.2571428572,Производство прочих фармацевтических продуктов и изделий медицинского назначения,24,24 — Производство прочих фармацевтических продуктов и
24,2014,245,194239.0,1487122.1959183672,Производство прочих фармацевтических продуктов и изделий медицинского назначения,24,24 — Производство прочих фармацевтических продуктов и
24,2015,245,201944.0,1903234.9469387755,Производство прочих фармацевтических продуктов и изделий медицинского назначения,24,24 — Производство прочих фармацевтических продуктов и
24,2016,245,208287.0,2075983.2897959184,Производство прочих фармацевтических продуктов и изделий медицинского назначения,24,24 — Производство прочих фармацевтических продуктов и
24,2017,245,218320.0,2104614.2489795918,Производство прочих фармацевтических продуктов и изделий медицинского назначения,24,24 — Производство прочих фармацевтических продуктов и
24,2018,245,230195.0,2300158.106122449,Производство прочих фармацевтических продуктов и изделий медицинского назначения,24,24 — Производство прочих фармацевтических продуктов и
24,2019,245,225068.0,2291589.987755102,Производство прочих фармацевтических продуктов и изделий медицинского назначения,24,24 — Производство прочих фармацевтических продуктов и
24,2020,245,268114.0,2391783.355102041,Производство прочих фармацевтических продуктов и изделий медицинского назначения,24,24 — Производство прочих фармацевтических продуктов и
24,2021,245,321579.0,3104414.281632653,Производство прочих фармацевтических продуктов и изделий медицинского назначения,24,24 — Производство прочих фармацевтических продуктов и
24,2022,245,347848.0,3216768.636734694,Производство прочих фармацевтических продуктов и изделий медицинского назначения,24,24 — Производство прочих фармацевтических продуктов и
25,2003,269,17751.0,73390.70583271375,"Производство пластмассовых плит, полос, труб и профилей",25,"25 — Производство пластмассовых плит, полос, труб и п"
25,2004,269,24368.0,96117.84037546469,"Производство пластмассовых плит, полос, труб и профилей",25,"25 — Производство пластмассовых плит, полос, труб и п"
25,2005,269,32175.0,119292.94498141264,"Производство пластмассовых плит, полос, труб и профилей",25,"25 — Производство пластмассовых плит, полос, труб и п"
25,2006,269,38863.0,155628.44511895912,"Производство пластмассовых плит, полос, труб и профилей",25,"25 — Производство пластмассовых плит, полос, труб и п"
25,2007,269,49974.0,202882.86483643122,"Производство пластмассовых плит, полос, труб и профилей",25,"25 — Производство пластмассовых плит, полос, труб и п"
25,2008,269,58172.0,240724.5612379182,"Производство пластмассовых плит, полос, труб и профилей",25,"25 — Производство пластмассовых плит, полос, труб и п"
25,2009,269,51198.0,228264.9591078067,"Производство пластмассовых плит, полос, труб и профилей",25,"25 — Производство пластмассовых плит, полос, труб и п"
25,2010,269,60033.0,279895.44237918215,"Производство пластмассовых плит, полос, труб и профилей",25,"25 — Производство пластмассовых плит, полос, труб и п"
25,2011,269,69355.0,324432.6208178439,"Производство пластмассовых плит, полос, труб и профилей",25,"25 — Производство пластмассовых плит, полос, труб и п"
25,2012,269,83220.0,356956.02602230484,"Производство пластмассовых плит, полос, труб и профилей",25,"25 — Производство пластмассовых плит, полос, труб и п"
25,2013,269,88212.0,374679.4498141264,"Производство пластмассовых плит, полос, труб и профилей",25,"25 — Производство пластмассовых плит, полос, труб и п"
25,2014,269,87673.0,392250.63568773237,"Производство пластмассовых плит, полос, труб и профилей",25,"25 — Производство пластмассовых плит, полос, труб и п"
25,2015,269,104102.0,433041.1338289963,"Производство пластмассовых плит, полос, труб и профилей",25,"25 — Производство пластмассовых плит, полос, труб и п"
25,2016,269,115660.0,457465.2936802974,"Производство пластмассовых плит, полос, труб и профилей",25,"25 — Производство пластмассовых плит, полос, труб и п"
25,2017,269,110652.0,462756.9553903346,"Производство пластмассовых плит, полос, труб и профилей",25,"25 — Производство пластмассовых плит, полос, труб и п"
25,2018,269,121734.0,501947.3940520446,"Производство пластмассовых плит, полос, труб и профилей",25,"25 — Производство пластмассовых плит, полос, труб и п"
25,2019,269,113314.0,520349.43866171,"Производство пластмассовых плит, полос, труб и профилей",25,"25 — Производство пластмассовых плит, полос, труб и п"
25,2020,269,116217.0,549981.0855018587,"Производство пластмассовых плит, полос, труб и профилей",25,"25 — Производство пластмассовых плит, полос, труб и п"
25,2021,269,143030.0,717445.4275092937,"Производство пластмассовых плит, полос, труб и профилей",25,"25 — Производство пластмассовых плит, полос, труб и п"
25,2022,269,172902.0,784379.1040892194,"Производство пластмассовых плит, полос, труб и профилей",25,"25 — Производство пластмассовых плит, полос, труб и п"
26,2003,392,80026.0,181164.74265816325,Производство изделий из бетона для использования в строительстве,26,26 — Производство изделий из бетона для использования
26,2004,392,98153.5,229461.2611913265,Производство изделий из бетона для использования в строительстве,26,26 — Производство изделий из бетона для использования
26,2005,392,126335.5,287515.02607653063,Производство изделий из бетона для использования в строительстве,26,26 — Производство изделий из бетона для использования
26,2006,392,155268.5,379147.90366071434,Производство изделий из бетона для использования в строительстве,26,26 — Производство изделий из бетона для использования
26,2007,392,220206.5,548403.223382653,Производство изделий из бетона для использования в строительстве,26,26 — Производство изделий из бетона для использования
26,2008,392,279152.0,677772.2082857143,Производство изделий из бетона для использования в строительстве,26,26 — Производство изделий из бетона для использования
26,2009,392,175064.0,457414.7124719388,Производство изделий из бетона для использования в строительстве,26,26 — Производство изделий из бетона для использования
26,2010,392,201049.0,521690.5586734694,Производство изделий из бетона для использования в строительстве,26,26 — Производство изделий из бетона для использования
26,2011,392,236989.0,646820.1887755102,Производство изделий из бетона для использования в строительстве,26,26 — Производство изделий из бетона для использования
26,2012,392,279831.0,780922.931122449,Производство изделий из бетона для использования в строительстве,26,26 — Производство изделий из бетона для использования
26,2013,392,298416.0,821549.3418367347,Производство изделий из бетона для использования в строительстве,26,26 — Производство изделий из бетона для использования
26,2014,392,305084.0,816993.206632653,Производство изделий из бетона для использования в строительстве,26,26 — Производство изделий из бетона для использования
26,2015,392,286975.0,759711.6913265307,Производство изделий из бетона для использования в строительстве,26,26 — Производство изделий из бетона для использования
26,2016,392,229840.0,742641.9974489796,Производство изделий из бетона для использования в строительстве,26,26 — Производство изделий из бетона для использования
26,2017,392,235955.5,776380.4923469388,Производство изделий из бетона для использования в строительстве,26,26 — Производство изделий из бетона для использования
26,2018,392,246099.5,814409.0892857143,Производство изделий из бетона для использования в строительстве,26,26 — Производство изделий из бетона для использования
26,2019,392,248405.5,859692.4209183673,Производство изделий из бетона для использования в строительстве,26,26 — Производство изделий из бетона для использования
26,2020,392,234827.0,865039.1989795918,Производство изделий из бетона для использования в строительстве,26,26 — Производство изделий из бетона для использования
26,2021,392,264608.5,1019320.931122449,Производство изделий из бетона для использования в строительстве,26,26 — Производство изделий из бетона для использования
26,2022,392,330689.5,1207687.3418367347,Производство изделий из бетона для использования в строительстве,26,26 — Производство изделий из бетона для использования
28,2003,350,28855.5,114629.84108,Производство строительных металлических конструкций,28,28 — Производство строительных металлических конструк
28,2004,350,39044.5,158247.36572,Производство строительных металлических конструкций,28,28 — Производство строительных металлических конструк
28,2005,350,52064.0,207110.07615714287,Производство строительных металлических конструкций,28,28 — Производство строительных металлических конструк
28,2006,350,68852.0,248417.9590342857,Производство строительных металлических конструкций,28,28 — Производство строительных металлических конструк
28,2007,350,97134.5,310554.56744285714,Производство строительных металлических конструкций,28,28 — Производство строительных металлических конструк
28,2008,350,110434.0,399369.05558571435,Производство строительных металлических конструкций,28,28 — Производство строительных металлических конструк
28,2009,350,69182.0,271517.42,Производство строительных металлических конструкций,28,28 — Производство строительных металлических конструк
28,2010,350,85925.5,334807.74814000004,Производство строительных металлических конструкций,28,28 — Производство строительных металлических конструк
28,2011,350,109033.0,403497.47142857144,Производство строительных металлических конструкций,28,28 — Производство строительных металлических конструк
28,2012,350,127387.0,453219.9857142857,Производство строительных металлических конструкций,28,28 — Производство строительных металлических конструк
28,2013,350,117146.0,438746.0485714286,Производство строительных металлических конструкций,28,28 — Производство строительных металлических конструк
28,2014,350,108298.0,444636.9857142857,Производство строительных металлических конструкций,28,28 — Производство строительных металлических конструк
28,2015,350,106627.5,473389.8,Производство строительных металлических конструкций,28,28 — Производство строительных металлических конструк
28,2016,350,100789.5,559870.7228571429,Производство строительных металлических конструкций,28,28 — Производство строительных металлических конструк
28,2017,350,111939.0,597942.5685714285,Производство строительных металлических конструкций,28,28 — Производство строительных металлических конструк
28,2018,350,115295.0,572244.6228571428,Производство строительных металлических конструкций,28,28 — Производство строительных металлических конструк
28,2019,350,99042.0,570083.3685714286,Производство строительных металлических конструкций,28,28 — Производство строительных металлических конструк
28,2020,350,105928.0,573208.9142857143,Производство строительных металлических конструкций,28,28 — Производство строительных металлических конструк
28,2021,350,121606.0,763041.1657142857,Производство строительных металлических конструкций,28,28 — Производство строительных металлических конструк
28,2022,350,133809.5,921972.8885714286,Производство строительных металлических конструкций,28,28 — Производство строительных металлических конструк
29,2003,307,42755.0,182939.21504885994,"Производство машин и оборудования для изготовления пищевых продуктов, включая напитки, и табачных изделий",29,29 — Производство машин и оборудования для изготовлен
29,2004,307,55701.0,226260.10079153095,"Производство машин и оборудования для изготовления пищевых продуктов, включая напитки, и табачных изделий",29,29 — Производство машин и оборудования для изготовлен
29,2005,307,72569.0,278306.39555700327,"Производство машин и оборудования для изготовления пищевых продуктов, включая напитки, и табачных изделий",29,29 — Производство машин и оборудования для изготовлен
29,2006,307,89791.0,336985.0170618893,"Производство машин и оборудования для изготовления пищевых продуктов, включая напитки, и табачных изделий",29,29 — Производство машин и оборудования для изготовлен
29,2007,307,115652.0,429666.97342019546,"Производство машин и оборудования для изготовления пищевых продуктов, включая напитки, и табачных изделий",29,29 — Производство машин и оборудования для изготовлен
29,2008,307,120156.0,470551.9838827361,"Производство машин и оборудования для изготовления пищевых продуктов, включая напитки, и табачных изделий",29,29 — Производство машин и оборудования для изготовлен
29,2009,307,99900.0,373961.76361889247,"Производство машин и оборудования для изготовления пищевых продуктов, включая напитки, и табачных изделий",29,29 — Производство машин и оборудования для изготовлен
29,2010,307,107993.0,438358.1931009772,"Производство машин и оборудования для изготовления пищевых продуктов, включая напитки, и табачных изделий",29,29 — Производство машин и оборудования для изготовлен
29,2011,307,149525.0,556396.306188925,"Производство машин и оборудования для изготовления пищевых продуктов, включая напитки, и табачных изделий",29,29 — Производство машин и оборудования для изготовлен
29,2012,307,147922.0,616827.8925081433,"Производство машин и оборудования для изготовления пищевых продуктов, включая напитки, и табачных изделий",29,29 — Производство машин и оборудования для изготовлен
29,2013,307,139951.0,598286.4006514658,"Производство машин и оборудования для изготовления пищевых продуктов, включая напитки, и табачных изделий",29,29 — Производство машин и оборудования для изготовлен
29,2014,307,135627.0,594563.3745928339,"Производство машин и оборудования для изготовления пищевых продуктов, включая напитки, и табачных изделий",29,29 — Производство машин и оборудования для изготовлен
29,2015,307,144738.0,639659.0944625407,"Производство машин и оборудования для изготовления пищевых продуктов, включая напитки, и табачных изделий",29,29 — Производство машин и оборудования для изготовлен
29,2016,307,151671.0,681544.5863192183,"Производство машин и оборудования для изготовления пищевых продуктов, включая напитки, и табачных изделий",29,29 — Производство машин и оборудования для изготовлен
29,2017,307,154731.0,712684.8143322476,"Производство машин и оборудования для изготовления пищевых продуктов, включая напитки, и табачных изделий",29,29 — Производство машин и оборудования для изготовлен
29,2018,307,175614.0,808018.0977198697,"Производство машин и оборудования для изготовления пищевых продуктов, включая напитки, и табачных изделий",29,29 — Производство машин и оборудования для изготовлен
29,2019,307,162509.0,808065.4039087947,"Производство машин и оборудования для изготовления пищевых продуктов, включая напитки, и табачных изделий",29,29 — Производство машин и оборудования для изготовлен
29,2020,307,184412.0,820158.1596091206,"Производство машин и оборудования для изготовления пищевых продуктов, включая напитки, и табачных изделий",29,29 — Производство машин и оборудования для изготовлен
29,2021,307,207794.0,988615.9153094463,"Производство машин и оборудования для изготовления пищевых продуктов, включая напитки, и табачных изделий",29,29 — Производство машин и оборудования для изготовлен
29,2022,307,256873.0,986446.983713355,"Производство машин и оборудования для изготовления пищевых продуктов, включая напитки, и табачных изделий",29,29 — Производство машин и оборудования для изготовлен
31,2003,151,23390.0,100364.87913907284,"Предоставление услуг по монтажу, ремонту и техническому обслуживанию прочего электрооборудования, не включенного в другие группировки",31,"31 — Предоставление услуг по монтажу, ремонту и техни"
31,2004,151,31129.0,135477.62186754966,"Предоставление услуг по монтажу, ремонту и техническому обслуживанию прочего электрооборудования, не включенного в другие группировки",31,"31 — Предоставление услуг по монтажу, ремонту и техни"
31,2005,151,35825.0,171051.40255629137,"Предоставление услуг по монтажу, ремонту и техническому обслуживанию прочего электрооборудования, не включенного в другие группировки",31,"31 — Предоставление услуг по монтажу, ремонту и техни"
31,2006,151,45664.0,225626.57153642384,"Предоставление услуг по монтажу, ремонту и техническому обслуживанию прочего электрооборудования, не включенного в другие группировки",31,"31 — Предоставление услуг по монтажу, ремонту и техни"
31,2007,151,56017.0,262011.7031589404,"Предоставление услуг по монтажу, ремонту и техническому обслуживанию прочего электрооборудования, не включенного в другие группировки",31,"31 — Предоставление услуг по монтажу, ремонту и техни"
31,2008,151,65940.0,285479.8417019868,"Предоставление услуг по монтажу, ремонту и техническому обслуживанию прочего электрооборудования, не включенного в другие группировки",31,"31 — Предоставление услуг по монтажу, ремонту и техни"
31,2009,151,55413.0,228470.05298013246,"Предоставление услуг по монтажу, ремонту и техническому обслуживанию прочего электрооборудования, не включенного в другие группировки",31,"31 — Предоставление услуг по монтажу, ремонту и техни"
31,2010,151,60840.0,309916.6688741722,"Предоставление услуг по монтажу, ремонту и техническому обслуживанию прочего электрооборудования, не включенного в другие группировки",31,"31 — Предоставление услуг по монтажу, ремонту и техни"
31,2011,151,72134.0,382790.9683377483,"Предоставление услуг по монтажу, ремонту и техническому обслуживанию прочего электрооборудования, не включенного в другие группировки",31,"31 — Предоставление услуг по монтажу, ремонту и техни"
31,2012,151,71894.0,392396.8079470199,"Предоставление услуг по монтажу, ремонту и техническому обслуживанию прочего электрооборудования, не включенного в другие группировки",31,"31 — Предоставление услуг по монтажу, ремонту и техни"
31,2013,151,70993.0,385116.0331125828,"Предоставление услуг по монтажу, ремонту и техническому обслуживанию прочего электрооборудования, не включенного в другие группировки",31,"31 — Предоставление услуг по монтажу, ремонту и техни"
31,2014,151,72912.0,372952.3642384106,"Предоставление услуг по монтажу, ремонту и техническому обслуживанию прочего электрооборудования, не включенного в другие группировки",31,"31 — Предоставление услуг по монтажу, ремонту и техни"
31,2015,151,76582.0,400588.94701986754,"Предоставление услуг по монтажу, ремонту и техническому обслуживанию прочего электрооборудования, не включенного в другие группировки",31,"31 — Предоставление услуг по монтажу, ремонту и техни"
31,2016,151,85553.0,427873.6357615894,"Предоставление услуг по монтажу, ремонту и техническому обслуживанию прочего электрооборудования, не включенного в другие группировки",31,"31 — Предоставление услуг по монтажу, ремонту и техни"
31,2017,151,81727.0,427148.6821192053,"Предоставление услуг по монтажу, ремонту и техническому обслуживанию прочего электрооборудования, не включенного в другие группировки",31,"31 — Предоставление услуг по монтажу, ремонту и техни"
31,2018,151,77662.0,460063.0132450331,"Предоставление услуг по монтажу, ремонту и техническому обслуживанию прочего электрооборудования, не включенного в другие группировки",31,"31 — Предоставление услуг по монтажу, ремонту и техни"
31,2019,151,69877.0,476780.8410596026,"Предоставление услуг по монтажу, ремонту и техническому обслуживанию прочего электрооборудования, не включенного в другие группировки",31,"31 — Предоставление услуг по монтажу, ремонту и техни"
31,2020,151,65062.0,477765.119205298,"Предоставление услуг по монтажу, ремонту и техническому обслуживанию прочего электрооборудования, не включенного в другие группировки",31,"31 — Предоставление услуг по монтажу, ремонту и техни"
31,2021,151,78154.0,587845.4503311259,"Предоставление услуг по монтажу, ремонту и техническому обслуживанию прочего электрооборудования, не включенного в другие группировки",31,"31 — Предоставление услуг по монтажу, ремонту и техни"
31,2022,151,84257.0,623308.417218543,"Предоставление услуг по монтажу, ремонту и техническому обслуживанию прочего электрооборудования, не включенного в другие группировки",31,"31 — Предоставление услуг по монтажу, ремонту и техни"
36,2003,145,28404.0,112610.52468275862,Производство мебели для офисов и предприятий торговли,36,36 — Производство мебели для офисов и предприятий тор
36,2004,145,35933.0,144852.96575172414,Производство мебели для офисов и предприятий торговли,36,36 — Производство мебели для офисов и предприятий тор
36,2005,145,45006.0,180126.92195172413,Производство мебели для офисов и предприятий торговли,36,36 — Производство мебели для офисов и предприятий тор
36,2006,145,55226.0,216454.8296,Производство мебели для офисов и предприятий торговли,36,36 — Производство мебели для офисов и предприятий тор
36,2007,145,72905.0,269158.8569448276,Производство мебели для офисов и предприятий торговли,36,36 — Производство мебели для офисов и предприятий тор
36,2008,145,88736.0,313170.4292827586,Производство мебели для офисов и предприятий торговли,36,36 — Производство мебели для офисов и предприятий тор
36,2009,145,76782.0,270104.1568,Производство мебели для офисов и предприятий торговли,36,36 — Производство мебели для офисов и предприятий тор
36,2010,145,83412.0,344998.11539310345,Производство мебели для офисов и предприятий торговли,36,36 — Производство мебели для офисов и предприятий тор
36,2011,145,100765.0,427861.0399724138,Производство мебели для офисов и предприятий торговли,36,36 — Производство мебели для офисов и предприятий тор
36,2012,145,105586.0,451066.73793103447,Производство мебели для офисов и предприятий торговли,36,36 — Производство мебели для офисов и предприятий тор
36,2013,145,96759.0,460957.7655172414,Производство мебели для офисов и предприятий торговли,36,36 — Производство мебели для офисов и предприятий тор
36,2014,145,100054.0,505285.50344827585,Производство мебели для офисов и предприятий торговли,36,36 — Производство мебели для офисов и предприятий тор
36,2015,145,105632.0,495709.2275862069,Производство мебели для офисов и предприятий торговли,36,36 — Производство мебели для офисов и предприятий тор
36,2016,145,124766.0,491408.12413793104,Производство мебели для офисов и предприятий торговли,36,36 — Производство мебели для офисов и предприятий тор
36,2017,145,104983.0,495664.6620689655,Производство мебели для офисов и предприятий торговли,36,36 — Производство мебели для офисов и предприятий тор
36,2018,145,106263.0,529595.4827586206,Производство мебели для офисов и предприятий торговли,36,36 — Производство мебели для офисов и предприятий тор
36,2019,145,99901.0,522390.8275862069,Производство мебели для офисов и предприятий торговли,36,36 — Производство мебели для офисов и предприятий тор
36,2020,145,97632.0,505909.4,Производство мебели для офисов и предприятий торговли,36,36 — Производство мебели для офисов и предприятий тор
36,2021,145,114015.0,635355.9172413793,Производство мебели для офисов и предприятий торговли,36,36 — Производство мебели для офисов и предприятий тор
36,2022,145,121746.0,633164.5241379311,Производство мебели для офисов и предприятий торговли,36,36 — Производство мебели для офисов и предприятий тор
40,2003,440,72484.023,382205.78012727277,Производство пара и горячей воды (тепловой энергии) котельными,40,40 — Производство пара и горячей воды (тепловой энерг
40,2004,440,82354.0,448409.5743931818,Производство пара и горячей воды (тепловой энергии) котельными,40,40 — Производство пара и горячей воды (тепловой энерг
40,2005,440,97040.0,573120.9699,Производство пара и горячей воды (тепловой энергии) котельными,40,40 — Производство пара и горячей воды (тепловой энерг
40,2006,440,115001.0,680774.8611477272,Производство пара и горячей воды (тепловой энергии) котельными,40,40 — Производство пара и горячей воды (тепловой энерг
40,2007,440,134163.5,878718.2727545456,Производство пара и горячей воды (тепловой энергии) котельными,40,40 — Производство пара и горячей воды (тепловой энерг
40,2008,440,143811.5,1062234.9913840909,Производство пара и горячей воды (тепловой энергии) котельными,40,40 — Производство пара и горячей воды (тепловой энерг
40,2009,440,157373.0,1215436.0022704545,Производство пара и горячей воды (тепловой энергии) котельными,40,40 — Производство пара и горячей воды (тепловой энерг
40,2010,440,168066.5,1478572.9863636363,Производство пара и горячей воды (тепловой энергии) котельными,40,40 — Производство пара и горячей воды (тепловой энерг
40,2011,440,189378.0,1615574.6181818182,Производство пара и горячей воды (тепловой энергии) котельными,40,40 — Производство пара и горячей воды (тепловой энерг
40,2012,440,214403.5,1670505.0954545455,Производство пара и горячей воды (тепловой энергии) котельными,40,40 — Производство пара и горячей воды (тепловой энерг
40,2013,440,211139.0,1763328.3818181818,Производство пара и горячей воды (тепловой энергии) котельными,40,40 — Производство пара и горячей воды (тепловой энерг
40,2014,440,241464.5,1876763.8068181819,Производство пара и горячей воды (тепловой энергии) котельными,40,40 — Производство пара и горячей воды (тепловой энерг
40,2015,440,230017.0,1868133.8113636363,Производство пара и горячей воды (тепловой энергии) котельными,40,40 — Производство пара и горячей воды (тепловой энерг
40,2016,440,247333.0,1959394.1886363637,Производство пара и горячей воды (тепловой энергии) котельными,40,40 — Производство пара и горячей воды (тепловой энерг
40,2017,440,266946.5,2063413.87805,Производство пара и горячей воды (тепловой энергии) котельными,40,40 — Производство пара и горячей воды (тепловой энерг
40,2018,440,275997.5,2165497.547727273,Производство пара и горячей воды (тепловой энергии) котельными,40,40 — Производство пара и горячей воды (тепловой энерг
40,2019,440,272395.0,2187217.425,Производство пара и горячей воды (тепловой энергии) котельными,40,40 — Производство пара и горячей воды (тепловой энерг
40,2020,440,264335.0,2153829.1227272726,Производство пара и горячей воды (тепловой энергии) котельными,40,40 — Производство пара и горячей воды (тепловой энерг
40,2021,440,295932.0,2428109.118181818,Производство пара и горячей воды (тепловой энергии) котельными,40,40 — Производство пара и горячей воды (тепловой энерг
40,2022,440,300087.0,2434882.3136363635,Производство пара и горячей воды (тепловой энергии) котельными,40,40 — Производство пара и горячей воды (тепловой энерг
41,2003,167,68951.501,163030.9436766467,Распределение воды,41,41 — Распределение воды
41,2004,167,77076.0,182750.77623353293,Распределение воды,41,41 — Распределение воды
41,2005,167,99129.0,215671.26026347306,Распределение воды,41,41 — Распределение воды
41,2006,167,110151.0,259164.47074251497,Распределение воды,41,41 — Распределение воды
41,2007,167,115691.0,301581.8229820359,Распределение воды,41,41 — Распределение воды
41,2008,167,138749.0,346706.7794730539,Распределение воды,41,41 — Распределение воды
41,2009,167,151265.0,392699.2574850299,Распределение воды,41,41 — Распределение воды
41,2010,167,183091.0,446895.502994012,Распределение воды,41,41 — Распределение воды
41,2011,167,183621.0,485346.4371257485,Распределение воды,41,41 — Распределение воды
41,2012,167,184219.0,498493.6407185629,Распределение воды,41,41 — Распределение воды
41,2013,167,192282.0,503369.4071856287,Распределение воды,41,41 — Распределение воды
41,2014,167,203152.0,521169.8143712575,Распределение воды,41,41 — Распределение воды
41,2015,167,214590.0,540072.8982035929,Распределение воды,41,41 — Распределение воды
41,2016,167,231530.0,578937.8263473054,Распределение воды,41,41 — Распределение воды
41,2017,167,237228.0,615581.251497006,Распределение воды,41,41 — Распределение воды
41,2018,167,238443.0,637992.1497005988,Распределение воды,41,41 — Распределение воды
41,2019,167,255105.0,664786.0718562874,Распределение воды,41,41 — Распределение воды
41,2020,167,253597.0,682087.6886227545,Распределение воды,41,41 — Распределение воды
41,2021,167,260726.0,710313.74251497,Распределение воды,41,41 — Распределение воды
41,2022,167,276119.0,763396.9221556886,Распределение воды,41,41 — Распределение воды
45,2003,1323,26512.0,103400.28271730915,Строительство зданий и сооружений,45,45 — Строительство зданий и сооружений
45,2004,1323,32584.0,125466.28419803476,Строительство зданий и сооружений,45,45 — Строительство зданий и сооружений
45,2005,1323,43353.0,157922.62519954648,Строительство зданий и сооружений,45,45 — Строительство зданий и сооружений
45,2006,1323,54516.0,210675.90704383975,Строительство зданий и сооружений,45,45 — Строительство зданий и сооружений
45,2007,1323,73007.0,279505.44718442933,Строительство зданий и сооружений,45,45 — Строительство зданий и сооружений
45,2008,1323,95155.0,357784.78352910053,Строительство зданий и сооружений,45,45 — Строительство зданий и сооружений
45,2009,1323,73796.0,312934.68717687076,Строительство зданий и сооружений,45,45 — Строительство зданий и сооружений
45,2010,1323,75795.0,348667.5122690854,Строительство зданий и сооружений,45,45 — Строительство зданий и сооружений
45,2011,1323,88213.0,443754.02540967497,Строительство зданий и сооружений,45,45 — Строительство зданий и сооружений
45,2012,1323,98463.0,505294.4006046863,Строительство зданий и сооружений,45,45 — Строительство зданий и сооружений
45,2013,1323,103891.0,548615.290696901,Строительство зданий и сооружений,45,45 — Строительство зданий и сооружений
45,2014,1323,95984.0,560385.2637944067,Строительство зданий и сооружений,45,45 — Строительство зданий и сооружений
45,2015,1323,85164.0,513400.283446712,Строительство зданий и сооружений,45,45 — Строительство зданий и сооружений
45,2016,1323,80773.0,515307.15268329554,Строительство зданий и сооружений,45,45 — Строительство зданий и сооружений
45,2017,1323,80490.0,515373.7082388511,Строительство зданий и сооружений,45,45 — Строительство зданий и сооружений
45,2018,1323,71631.0,510216.4603174603,Строительство зданий и сооружений,45,45 — Строительство зданий и сооружений
45,2019,1323,77743.0,499367.4784580499,Строительство зданий и сооружений,45,45 — Строительство зданий и сооружений
45,2020,1323,66613.0,486858.73318216176,Строительство зданий и сооружений,45,45 — Строительство зданий и сооружений
45,2021,1323,72391.0,520807.8828420257,Строительство зданий и сооружений,45,45 — Строительство зданий и сооружений
45,2022,1323,66254.0,581810.111866969,Строительство зданий и сооружений,45,45 — Строительство зданий и сооружений
50,2003,456,16333.8,136553.66714254385,"Оптовая торговля автомобильными деталями, узлами и принадлежностями",50,"50 — Оптовая торговля автомобильными деталями, узлами"
50,2004,456,19971.5,271344.36346052634,"Оптовая торговля автомобильными деталями, узлами и принадлежностями",50,"50 — Оптовая торговля автомобильными деталями, узлами"
50,2005,456,25085.0,369459.7230855263,"Оптовая торговля автомобильными деталями, узлами и принадлежностями",50,"50 — Оптовая торговля автомобильными деталями, узлами"
50,2006,456,31854.5,575685.8797960527,"Оптовая торговля автомобильными деталями, узлами и принадлежностями",50,"50 — Оптовая торговля автомобильными деталями, узлами"
50,2007,456,40888.0,790004.9515657894,"Оптовая торговля автомобильными деталями, узлами и принадлежностями",50,"50 — Оптовая торговля автомобильными деталями, узлами"
50,2008,456,48319.5,949808.75,"Оптовая торговля автомобильными деталями, узлами и принадлежностями",50,"50 — Оптовая торговля автомобильными деталями, узлами"
50,2009,456,37870.0,603055.9342105263,"Оптовая торговля автомобильными деталями, узлами и принадлежностями",50,"50 — Оптовая торговля автомобильными деталями, узлами"
50,2010,456,44974.0,836943.9035087719,"Оптовая торговля автомобильными деталями, узлами и принадлежностями",50,"50 — Оптовая торговля автомобильными деталями, узлами"
50,2011,456,50406.0,1122737.4671052631,"Оптовая торговля автомобильными деталями, узлами и принадлежностями",50,"50 — Оптовая торговля автомобильными деталями, узлами"
50,2012,456,53563.5,1325518.0526315789,"Оптовая торговля автомобильными деталями, узлами и принадлежностями",50,"50 — Оптовая торговля автомобильными деталями, узлами"
50,2013,456,47220.5,1384667.8355263157,"Оптовая торговля автомобильными деталями, узлами и принадлежностями",50,"50 — Оптовая торговля автомобильными деталями, узлами"
50,2014,456,45917.0,1566481.6513157894,"Оптовая торговля автомобильными деталями, узлами и принадлежностями",50,"50 — Оптовая торговля автомобильными деталями, узлами"
50,2015,456,42178.0,1544980.3859649124,"Оптовая торговля автомобильными деталями, узлами и принадлежностями",50,"50 — Оптовая торговля автомобильными деталями, узлами"
50,2016,456,40810.5,1735784.2521929825,"Оптовая торговля автомобильными деталями, узлами и принадлежностями",50,"50 — Оптовая торговля автомобильными деталями, узлами"
50,2017,456,38661.5,1780203.1798245613,"Оптовая торговля автомобильными деталями, узлами и принадлежностями",50,"50 — Оптовая торговля автомобильными деталями, узлами"
50,2018,456,38146.5,2156102.745614035,"Оптовая торговля автомобильными деталями, узлами и принадлежностями",50,"50 — Оптовая торговля автомобильными деталями, узлами"
50,2019,456,38468.0,2302744.99122807,"Оптовая торговля автомобильными деталями, узлами и принадлежностями",50,"50 — Оптовая торговля автомобильными деталями, узлами"
50,2020,456,34694.5,2198281.067982456,"Оптовая торговля автомобильными деталями, узлами и принадлежностями",50,"50 — Оптовая торговля автомобильными деталями, узлами"
50,2021,456,37966.0,2754353.1710526315,"Оптовая торговля автомобильными деталями, узлами и принадлежностями",50,"50 — Оптовая торговля автомобильными деталями, узлами"
50,2022,456,36903.5,1737594.721491228,"Оптовая торговля автомобильными деталями, узлами и принадлежностями",50,"50 — Оптовая торговля автомобильными деталями, узлами"
51,2003,2957,24504.0,505839.0815414271,Прочая оптовая торговля,51,51 — Прочая оптовая торговля
51,2004,2957,30433.0,647283.3344352384,Прочая оптовая торговля,51,51 — Прочая оптовая торговля
51,2005,2957,37048.0,854997.5020125128,Прочая оптовая торговля,51,51 — Прочая оптовая торговля
51,2006,2957,46836.0,1073989.1228021644,Прочая оптовая торговля,51,51 — Прочая оптовая торговля
51,2007,2957,58855.0,1246684.2070933378,Прочая оптовая торговля,51,51 — Прочая оптовая торговля
51,2008,2957,68803.0,1675696.2258160298,Прочая оптовая торговля,51,51 — Прочая оптовая торговля
51,2009,2957,62491.0,1671724.7707155899,Прочая оптовая торговля,51,51 — Прочая оптовая торговля
51,2010,2957,70885.0,1978772.632576598,Прочая оптовая торговля,51,51 — Прочая оптовая торговля
51,2011,2957,82060.0,2398576.9420791343,Прочая оптовая торговля,51,51 — Прочая оптовая торговля
51,2012,2957,86381.0,2529079.071657423,Прочая оптовая торговля,51,51 — Прочая оптовая торговля
51,2013,2957,83914.0,2678343.911396686,Прочая оптовая торговля,51,51 — Прочая оптовая торговля
51,2014,2957,84207.0,2810126.2319651674,Прочая оптовая торговля,51,51 — Прочая оптовая торговля
51,2015,2957,83088.0,3009107.2369668586,Прочая оптовая торговля,51,51 — Прочая оптовая торговля
51,2016,2957,82959.0,2993284.8860331415,Прочая оптовая торговля,51,51 — Прочая оптовая торговля
51,2017,2957,78739.0,3158949.376394995,Прочая оптовая торговля,51,51 — Прочая оптовая торговля
51,2018,2957,81812.0,3685414.9347142377,Прочая оптовая торговля,51,51 — Прочая оптовая торговля
51,2019,2957,78034.0,3526521.0679742983,Прочая оптовая торговля,51,51 — Прочая оптовая торговля
51,2020,2957,73812.0,3275813.3791004396,Прочая оптовая торговля,51,51 — Прочая оптовая торговля
51,2021,2957,82467.0,4434907.5979032805,Прочая оптовая торговля,51,51 — Прочая оптовая торговля
51,2022,2957,77863.0,4973780.79303348,Прочая оптовая торговля,51,51 — Прочая оптовая торговля
52,2003,2468,14746.0,69946.11314059967,"Розничная торговля в неспециализированных магазинах преимущественно пищевыми продуктами, включая напитки, и табачными изделиями",52,52 — Розничная торговля в неспециализированных магази
52,2004,2468,19095.0,107049.16574270665,"Розничная торговля в неспециализированных магазинах преимущественно пищевыми продуктами, включая напитки, и табачными изделиями",52,52 — Розничная торговля в неспециализированных магази
52,2005,2468,22858.5,146306.34311507296,"Розничная торговля в неспециализированных магазинах преимущественно пищевыми продуктами, включая напитки, и табачными изделиями",52,52 — Розничная торговля в неспециализированных магази
52,2006,2468,27262.0,201352.05308144246,"Розничная торговля в неспециализированных магазинах преимущественно пищевыми продуктами, включая напитки, и табачными изделиями",52,52 — Розничная торговля в неспециализированных магази
52,2007,2468,32626.0,273945.50155591575,"Розничная торговля в неспециализированных магазинах преимущественно пищевыми продуктами, включая напитки, и табачными изделиями",52,52 — Розничная торговля в неспециализированных магази
52,2008,2468,39831.5,381169.2667965964,"Розничная торговля в неспециализированных магазинах преимущественно пищевыми продуктами, включая напитки, и табачными изделиями",52,52 — Розничная торговля в неспециализированных магази
52,2009,2468,42660.5,464767.40659035655,"Розничная торговля в неспециализированных магазинах преимущественно пищевыми продуктами, включая напитки, и табачными изделиями",52,52 — Розничная торговля в неспециализированных магази
52,2010,2468,46140.5,565964.1900510535,"Розничная торговля в неспециализированных магазинах преимущественно пищевыми продуктами, включая напитки, и табачными изделиями",52,52 — Розничная торговля в неспециализированных магази
52,2011,2468,48455.0,699429.7572925446,"Розничная торговля в неспециализированных магазинах преимущественно пищевыми продуктами, включая напитки, и табачными изделиями",52,52 — Розничная торговля в неспециализированных магази
52,2012,2468,50650.0,811061.7584918962,"Розничная торговля в неспециализированных магазинах преимущественно пищевыми продуктами, включая напитки, и табачными изделиями",52,52 — Розничная торговля в неспециализированных магази
52,2013,2468,51866.5,932411.2953808752,"Розничная торговля в неспециализированных магазинах преимущественно пищевыми продуктами, включая напитки, и табачными изделиями",52,52 — Розничная торговля в неспециализированных магази
52,2014,2468,51971.5,1122093.4971636953,"Розничная торговля в неспециализированных магазинах преимущественно пищевыми продуктами, включая напитки, и табачными изделиями",52,52 — Розничная торговля в неспециализированных магази
52,2015,2468,51234.5,1342352.161669368,"Розничная торговля в неспециализированных магазинах преимущественно пищевыми продуктами, включая напитки, и табачными изделиями",52,52 — Розничная торговля в неспециализированных магази
52,2016,2468,50039.5,1563299.8589951377,"Розничная торговля в неспециализированных магазинах преимущественно пищевыми продуктами, включая напитки, и табачными изделиями",52,52 — Розничная торговля в неспециализированных магази
52,2017,2468,47188.5,1649908.160858995,"Розничная торговля в неспециализированных магазинах преимущественно пищевыми продуктами, включая напитки, и табачными изделиями",52,52 — Розничная торговля в неспециализированных магази
52,2018,2468,45759.5,1799408.234197731,"Розничная торговля в неспециализированных магазинах преимущественно пищевыми продуктами, включая напитки, и табачными изделиями",52,52 — Розничная торговля в неспециализированных магази
52,2019,2468,44388.5,1949143.2901134521,"Розничная торговля в неспециализированных магазинах преимущественно пищевыми продуктами, включая напитки, и табачными изделиями",52,52 — Розничная торговля в неспециализированных магази
52,2020,2468,43833.5,2095096.948541329,"Розничная торговля в неспециализированных магазинах преимущественно пищевыми продуктами, включая напитки, и табачными изделиями",52,52 — Розничная торговля в неспециализированных магази
52,2021,2468,44413.5,2302528.5773905995,"Розничная торговля в неспециализированных магазинах преимущественно пищевыми продуктами, включая напитки, и табачными изделиями",52,52 — Розничная торговля в неспециализированных магази
52,2022,2468,44043.0,2610177.512965964,"Розничная торговля в неспециализированных магазинах преимущественно пищевыми продуктами, включая напитки, и табачными изделиями",52,52 — Розничная торговля в неспециализированных магази
55,2003,421,16649.983,70936.5299976247,Деятельность ресторанов,55,55 — Деятельность ресторанов
55,2004,421,20835.0,85211.00514251781,Деятельность ресторанов,55,55 — Деятельность ресторанов
55,2005,421,23217.0,103599.0757648456,Деятельность ресторанов,55,55 — Деятельность ресторанов
55,2006,421,27658.0,126959.9114608076,Деятельность ресторанов,55,55 — Деятельность ресторанов
55,2007,421,33722.0,154348.88273871734,Деятельность ресторанов,55,55 — Деятельность ресторанов
55,2008,421,40689.0,183503.0103942993,Деятельность ресторанов,55,55 — Деятельность ресторанов
55,2009,421,37449.0,175187.69833729215,Деятельность ресторанов,55,55 — Деятельность ресторанов
55,2010,421,39109.0,197145.3349168646,Деятельность ресторанов,55,55 — Деятельность ресторанов
55,2011,421,43670.0,231054.02818052255,Деятельность ресторанов,55,55 — Деятельность ресторанов
55,2012,421,46884.0,267472.9765795724,Деятельность ресторанов,55,55 — Деятельность ресторанов
55,2013,421,49449.0,295956.6622517815,Деятельность ресторанов,55,55 — Деятельность ресторанов
55,2014,421,49270.0,308020.19714964373,Деятельность ресторанов,55,55 — Деятельность ресторанов
55,2015,421,46649.0,333834.8598574822,Деятельность ресторанов,55,55 — Деятельность ресторанов
55,2016,421,43587.0,373625.20665083133,Деятельность ресторанов,55,55 — Деятельность ресторанов
55,2017,421,47218.0,378586.5296912114,Деятельность ресторанов,55,55 — Деятельность ресторанов
55,2018,421,46380.0,408574.4513064133,Деятельность ресторанов,55,55 — Деятельность ресторанов
55,2019,421,45518.0,383011.0522565321,Деятельность ресторанов,55,55 — Деятельность ресторанов
55,2020,421,33133.0,304840.0190023753,Деятельность ресторанов,55,55 — Деятельность ресторанов
55,2021,421,43745.0,411229.5866983373,Деятельность ресторанов,55,55 — Деятельность ресторанов
55,2022,421,51030.0,434171.52494061756,Деятельность ресторанов,55,55 — Деятельность ресторанов
60,2003,262,35483.0,1485848.4063396947,Деятельность автомобильного грузового неспециализированного транспорта,60,60 — Деятельность автомобильного грузового неспециали
60,2004,262,44909.5,1782907.844759542,Деятельность автомобильного грузового неспециализированного транспорта,60,60 — Деятельность автомобильного грузового неспециали
60,2005,262,54236.5,2329399.830129771,Деятельность автомобильного грузового неспециализированного транспорта,60,60 — Деятельность автомобильного грузового неспециали
60,2006,262,62400.0,2887443.4427480916,Деятельность автомобильного грузового неспециализированного транспорта,60,60 — Деятельность автомобильного грузового неспециали
60,2007,262,77579.5,3130871.679389313,Деятельность автомобильного грузового неспециализированного транспорта,60,60 — Деятельность автомобильного грузового неспециали
60,2008,262,90070.0,3689286.526717557,Деятельность автомобильного грузового неспециализированного транспорта,60,60 — Деятельность автомобильного грузового неспециали
60,2009,262,79199.5,3564658.3435114506,Деятельность автомобильного грузового неспециализированного транспорта,60,60 — Деятельность автомобильного грузового неспециали
60,2010,262,83881.5,4150690.4122137404,Деятельность автомобильного грузового неспециализированного транспорта,60,60 — Деятельность автомобильного грузового неспециали
60,2011,262,91962.0,4914218.637404581,Деятельность автомобильного грузового неспециализированного транспорта,60,60 — Деятельность автомобильного грузового неспециали
60,2012,262,99337.5,5220011.519083969,Деятельность автомобильного грузового неспециализированного транспорта,60,60 — Деятельность автомобильного грузового неспециали
60,2013,262,104197.0,5636139.8053435115,Деятельность автомобильного грузового неспециализированного транспорта,60,60 — Деятельность автомобильного грузового неспециали
60,2014,262,108794.0,5477106.316793893,Деятельность автомобильного грузового неспециализированного транспорта,60,60 — Деятельность автомобильного грузового неспециали
60,2015,262,98493.5,6435194.4389312975,Деятельность автомобильного грузового неспециализированного транспорта,60,60 — Деятельность автомобильного грузового неспециали
60,2016,262,102301.5,6806335.297709923,Деятельность автомобильного грузового неспециализированного транспорта,60,60 — Деятельность автомобильного грузового неспециали
60,2017,262,101651.5,7284196.564885496,Деятельность автомобильного грузового неспециализированного транспорта,60,60 — Деятельность автомобильного грузового неспециали
60,2018,262,111160.5,7441320.580152672,Деятельность автомобильного грузового неспециализированного транспорта,60,60 — Деятельность автомобильного грузового неспециали
60,2019,262,109626.5,7469768.370229008,Деятельность автомобильного грузового неспециализированного транспорта,60,60 — Деятельность автомобильного грузового неспециали
60,2020,262,97973.0,7328103.458015267,Деятельность автомобильного грузового неспециализированного транспорта,60,60 — Деятельность автомобильного грузового неспециали
60,2021,262,105464.0,7753071.992366413,Деятельность автомобильного грузового неспециализированного транспорта,60,60 — Деятельность автомобильного грузового неспециали
60,2022,262,112550.0,9292049.41221374,Деятельность автомобильного грузового неспециализированного транспорта,60,60 — Деятельность автомобильного грузового неспециали
63,2003,493,35352.0,159197.963484787,Хранение и складирование зерна,63,63 — Хранение и складирование зерна
63,2004,493,46713.0,204081.3299269777,Хранение и складирование зерна,63,63 — Хранение и складирование зерна
63,2005,493,50793.0,241890.1317545639,Хранение и складирование зерна,63,63 — Хранение и складирование зерна
63,2006,493,60616.0,274719.5377200811,Хранение и складирование зерна,63,63 — Хранение и складирование зерна
63,2007,493,76678.0,343875.82795537525,Хранение и складирование зерна,63,63 — Хранение и складирование зерна
63,2008,493,86308.0,412477.4949290061,Хранение и складирование зерна,63,63 — Хранение и складирование зерна
63,2009,493,83509.0,381756.8803245436,Хранение и складирование зерна,63,63 — Хранение и складирование зерна
63,2010,493,81392.0,445761.69371196756,Хранение и складирование зерна,63,63 — Хранение и складирование зерна
63,2011,493,90162.0,528666.0892494929,Хранение и складирование зерна,63,63 — Хранение и складирование зерна
63,2012,493,96534.0,605815.3083164301,Хранение и складирование зерна,63,63 — Хранение и складирование зерна
63,2013,493,91044.0,653949.9464077079,Хранение и складирование зерна,63,63 — Хранение и складирование зерна
63,2014,493,89057.0,722756.9797160244,Хранение и складирование зерна,63,63 — Хранение и складирование зерна
63,2015,493,87576.0,857387.1419878296,Хранение и складирование зерна,63,63 — Хранение и складирование зерна
63,2016,493,100767.0,903289.261663286,Хранение и складирование зерна,63,63 — Хранение и складирование зерна
63,2017,493,107401.0,956287.7160243408,Хранение и складирование зерна,63,63 — Хранение и складирование зерна
63,2018,493,118679.0,1110885.4320486817,Хранение и складирование зерна,63,63 — Хранение и складирование зерна
63,2019,493,113889.0,1151538.3772819473,Хранение и складирование зерна,63,63 — Хранение и складирование зерна
63,2020,493,109195.0,977451.060851927,Хранение и складирование зерна,63,63 — Хранение и складирование зерна
63,2021,493,108602.0,1156383.5212981745,Хранение и складирование зерна,63,63 — Хранение и складирование зерна
63,2022,493,117848.0,1269947.028397566,Хранение и складирование зерна,63,63 — Хранение и складирование зерна
64,2003,127,19047.0,214320.25763779526,Деятельность в области электросвязи,64,64 — Деятельность в области электросвязи
64,2004,127,27506.0,308997.037023622,Деятельность в области электросвязи,64,64 — Деятельность в области электросвязи
64,2005,127,35797.0,400136.2509370079,Деятельность в области электросвязи,64,64 — Деятельность в области электросвязи
64,2006,127,42264.0,512998.699007874,Деятельность в области электросвязи,64,64 — Деятельность в области электросвязи
64,2007,127,53069.0,689772.6773858267,Деятельность в области электросвязи,64,64 — Деятельность в области электросвязи
64,2008,127,68130.0,787782.3307086615,Деятельность в области электросвязи,64,64 — Деятельность в области электросвязи
64,2009,127,66506.0,744333.4173228346,Деятельность в области электросвязи,64,64 — Деятельность в области электросвязи
64,2010,127,73858.0,660839.6141732284,Деятельность в области электросвязи,64,64 — Деятельность в области электросвязи
64,2011,127,77410.0,808257.3969133858,Деятельность в области электросвязи,64,64 — Деятельность в области электросвязи
64,2012,127,85822.0,874062.3228346456,Деятельность в области электросвязи,64,64 — Деятельность в области электросвязи
64,2013,127,90685.0,932516.125984252,Деятельность в области электросвязи,64,64 — Деятельность в области электросвязи
64,2014,127,90566.0,950069.1732283465,Деятельность в области электросвязи,64,64 — Деятельность в области электросвязи
64,2015,127,80819.0,988841.2677165355,Деятельность в области электросвязи,64,64 — Деятельность в области электросвязи
64,2016,127,72314.0,959573.2125984252,Деятельность в области электросвязи,64,64 — Деятельность в области электросвязи
64,2017,127,66986.0,959385.0157480316,Деятельность в области электросвязи,64,64 — Деятельность в области электросвязи
64,2018,127,70136.0,984685.7244094488,Деятельность в области электросвязи,64,64 — Деятельность в области электросвязи
64,2019,127,68590.0,986481.968503937,Деятельность в области электросвязи,64,64 — Деятельность в области электросвязи
64,2020,127,65866.0,1007782.094488189,Деятельность в области электросвязи,64,64 — Деятельность в области электросвязи
64,2021,127,68778.0,978914.7952755905,Деятельность в области электросвязи,64,64 — Деятельность в области электросвязи
64,2022,127,65301.0,953489.3149606299,Деятельность в области электросвязи,64,64 — Деятельность в области электросвязи
70,2003,2321,24186.0,127625.02587634641,Сдача внаем собственного нежилого недвижимого имущества,70,70 — Сдача внаем собственного нежилого недвижимого им
70,2004,2321,27481.0,145449.9734299871,Сдача внаем собственного нежилого недвижимого имущества,70,70 — Сдача внаем собственного нежилого недвижимого им
70,2005,2321,31666.0,169868.08387246876,Сдача внаем собственного нежилого недвижимого имущества,70,70 — Сдача внаем собственного нежилого недвижимого им
70,2006,2321,35879.0,181723.66454157693,Сдача внаем собственного нежилого недвижимого имущества,70,70 — Сдача внаем собственного нежилого недвижимого им
70,2007,2321,41908.0,264812.79717880226,Сдача внаем собственного нежилого недвижимого имущества,70,70 — Сдача внаем собственного нежилого недвижимого им
70,2008,2321,49517.0,235105.27261697542,Сдача внаем собственного нежилого недвижимого имущества,70,70 — Сдача внаем собственного нежилого недвижимого им
70,2009,2321,42895.0,202823.24832012065,Сдача внаем собственного нежилого недвижимого имущества,70,70 — Сдача внаем собственного нежилого недвижимого им
70,2010,2321,42739.0,249235.50330116326,Сдача внаем собственного нежилого недвижимого имущества,70,70 — Сдача внаем собственного нежилого недвижимого им
70,2011,2321,43637.0,257983.51112796206,Сдача внаем собственного нежилого недвижимого имущества,70,70 — Сдача внаем собственного нежилого недвижимого им
70,2012,2321,41863.0,265008.4147393365,Сдача внаем собственного нежилого недвижимого имущества,70,70 — Сдача внаем собственного нежилого недвижимого им
70,2013,2321,40478.0,256342.91555364066,Сдача внаем собственного нежилого недвижимого имущества,70,70 — Сдача внаем собственного нежилого недвижимого им
70,2014,2321,39295.0,243372.29383886256,Сдача внаем собственного нежилого недвижимого имущества,70,70 — Сдача внаем собственного нежилого недвижимого им
70,2015,2321,36109.0,212920.18494571306,Сдача внаем собственного нежилого недвижимого имущества,70,70 — Сдача внаем собственного нежилого недвижимого им
70,2016,2321,32017.0,191028.484800517,Сдача внаем собственного нежилого недвижимого имущества,70,70 — Сдача внаем собственного нежилого недвижимого им
70,2017,2321,30351.0,175176.45732399827,Сдача внаем собственного нежилого недвижимого имущества,70,70 — Сдача внаем собственного нежилого недвижимого им
70,2018,2321,27784.0,163926.99973244293,Сдача внаем собственного нежилого недвижимого имущества,70,70 — Сдача внаем собственного нежилого недвижимого им
70,2019,2321,25762.0,151533.0909090909,Сдача внаем собственного нежилого недвижимого имущества,70,70 — Сдача внаем собственного нежилого недвижимого им
70,2020,2321,23206.0,117875.73287376131,Сдача внаем собственного нежилого недвижимого имущества,70,70 — Сдача внаем собственного нежилого недвижимого им
70,2021,2321,23074.0,113441.73330461008,Сдача внаем собственного нежилого недвижимого имущества,70,70 — Сдача внаем собственного нежилого недвижимого им
70,2022,2321,23338.0,117825.76260232658,Сдача внаем собственного нежилого недвижимого имущества,70,70 — Сдача внаем собственного нежилого недвижимого им
72,2003,236,18775.2925,102807.69787288136,Разработка программного обеспечения,72,72 — Разработка программного обеспечения
72,2004,236,25392.982,138426.61695338984,Разработка программного обеспечения,72,72 — Разработка программного обеспечения
72,2005,236,35049.0,189403.17498305082,Разработка программного обеспечения,72,72 — Разработка программного обеспечения
72,2006,236,43878.0,264130.8766483051,Разработка программного обеспечения,72,72 — Разработка программного обеспечения
72,2007,236,58099.5,352777.80824152543,Разработка программного обеспечения,72,72 — Разработка программного обеспечения
72,2008,236,74561.5,426038.1017923729,Разработка программного обеспечения,72,72 — Разработка программного обеспечения
72,2009,236,58946.5,452551.086,Разработка программного обеспечения,72,72 — Разработка программного обеспечения
72,2010,236,64469.0,442554.23228389834,Разработка программного обеспечения,72,72 — Разработка программного обеспечения
72,2011,236,73414.5,508328.38559322036,Разработка программного обеспечения,72,72 — Разработка программного обеспечения
72,2012,236,75036.0,574175.6610169491,Разработка программного обеспечения,72,72 — Разработка программного обеспечения
72,2013,236,78566.5,595077.2754237289,Разработка программного обеспечения,72,72 — Разработка программного обеспечения
72,2014,236,81937.0,622376.0001440678,Разработка программного обеспечения,72,72 — Разработка программного обеспечения
72,2015,236,69677.0,710843.0550847457,Разработка программного обеспечения,72,72 — Разработка программного обеспечения
72,2016,236,72850.5,684907.4957627119,Разработка программного обеспечения,72,72 — Разработка программного обеспечения
72,2017,236,65367.0,732469.563559322,Разработка программного обеспечения,72,72 — Разработка программного обеспечения
72,2018,236,69397.5,735947.0381355932,Разработка программного обеспечения,72,72 — Разработка программного обеспечения
72,2019,236,74622.0,695351.3601694915,Разработка программного обеспечения,72,72 — Разработка программного обеспечения
72,2020,236,65760.0,713768.313559322,Разработка программного обеспечения,72,72 — Разработка программного обеспечения
72,2021,236,68756.5,735047.9237288135,Разработка программного обеспечения,72,72 — Разработка программного обеспечения
72,2022,236,76721.5,658822.4279661017,Разработка программного обеспечения,72,72 — Разработка программного обеспечения
74,2003,694,20130.0,507292.8760057637,"Деятельность в области архитектуры, инженерно техническое проектирование в промышленности и строительстве",74,"74 — Деятельность в области архитектуры, инженерно те"
74,2004,694,23569.5,687619.3221527378,"Деятельность в области архитектуры, инженерно техническое проектирование в промышленности и строительстве",74,"74 — Деятельность в области архитектуры, инженерно те"
74,2005,694,30985.5,1089202.5914221902,"Деятельность в области архитектуры, инженерно техническое проектирование в промышленности и строительстве",74,"74 — Деятельность в области архитектуры, инженерно те"
74,2006,694,37781.0,1249254.0064899134,"Деятельность в области архитектуры, инженерно техническое проектирование в промышленности и строительстве",74,"74 — Деятельность в области архитектуры, инженерно те"
74,2007,694,50745.0,1183603.1876801152,"Деятельность в области архитектуры, инженерно техническое проектирование в промышленности и строительстве",74,"74 — Деятельность в области архитектуры, инженерно те"
74,2008,694,58864.5,1232330.9845043228,"Деятельность в области архитектуры, инженерно техническое проектирование в промышленности и строительстве",74,"74 — Деятельность в области архитектуры, инженерно те"
74,2009,694,49857.5,1091607.0101930837,"Деятельность в области архитектуры, инженерно техническое проектирование в промышленности и строительстве",74,"74 — Деятельность в области архитектуры, инженерно те"
74,2010,694,51915.5,378767.6458933718,"Деятельность в области архитектуры, инженерно техническое проектирование в промышленности и строительстве",74,"74 — Деятельность в области архитектуры, инженерно те"
74,2011,694,58124.0,408790.9481268012,"Деятельность в области архитектуры, инженерно техническое проектирование в промышленности и строительстве",74,"74 — Деятельность в области архитектуры, инженерно те"
74,2012,694,62254.0,441779.5144092219,"Деятельность в области архитектуры, инженерно техническое проектирование в промышленности и строительстве",74,"74 — Деятельность в области архитектуры, инженерно те"
74,2013,694,59935.0,761319.9985590779,"Деятельность в области архитектуры, инженерно техническое проектирование в промышленности и строительстве",74,"74 — Деятельность в области архитектуры, инженерно те"
74,2014,694,56395.0,750163.8804034583,"Деятельность в области архитектуры, инженерно техническое проектирование в промышленности и строительстве",74,"74 — Деятельность в области архитектуры, инженерно те"
74,2015,694,49791.0,803013.878962536,"Деятельность в области архитектуры, инженерно техническое проектирование в промышленности и строительстве",74,"74 — Деятельность в области архитектуры, инженерно те"
74,2016,694,45649.5,895201.1642651297,"Деятельность в области архитектуры, инженерно техническое проектирование в промышленности и строительстве",74,"74 — Деятельность в области архитектуры, инженерно те"
74,2017,694,45587.5,806130.7031700289,"Деятельность в области архитектуры, инженерно техническое проектирование в промышленности и строительстве",74,"74 — Деятельность в области архитектуры, инженерно те"
74,2018,694,47590.5,882058.9423631123,"Деятельность в области архитектуры, инженерно техническое проектирование в промышленности и строительстве",74,"74 — Деятельность в области архитектуры, инженерно те"
74,2019,694,44261.0,1352455.476945245,"Деятельность в области архитектуры, инженерно техническое проектирование в промышленности и строительстве",74,"74 — Деятельность в области архитектуры, инженерно те"
74,2020,694,39601.5,1141325.992074928,"Деятельность в области архитектуры, инженерно техническое проектирование в промышленности и строительстве",74,"74 — Деятельность в области архитектуры, инженерно те"
74,2021,694,45335.5,4082770.4452449568,"Деятельность в области архитектуры, инженерно техническое проектирование в промышленности и строительстве",74,"74 — Деятельность в области архитектуры, инженерно те"
74,2022,694,43637.0,4677049.877521614,"Деятельность в области архитектуры, инженерно техническое проектирование в промышленности и строительстве",74,"74 — Деятельность в области архитектуры, инженерно те"
85,2003,357,30379.0,48864.43930532213,Деятельность санаторно-курортных учреждений,85,85 — Деятельность санаторно-курортных учреждений
85,2004,357,38299.0,60161.87238655463,Деятельность санаторно-курортных учреждений,85,85 — Деятельность санаторно-курортных учреждений
85,2005,357,50438.0,75510.17457703082,Деятельность санаторно-курортных учреждений,85,85 — Деятельность санаторно-курортных учреждений
85,2006,357,58543.0,90384.09680672268,Деятельность санаторно-курортных учреждений,85,85 — Деятельность санаторно-курортных учреждений
85,2007,357,67678.0,105865.92592156862,Деятельность санаторно-курортных учреждений,85,85 — Деятельность санаторно-курортных учреждений
85,2008,357,82475.0,129397.8015742297,Деятельность санаторно-курортных учреждений,85,85 — Деятельность санаторно-курортных учреждений
85,2009,357,83142.0,137521.35440336136,Деятельность санаторно-курортных учреждений,85,85 — Деятельность санаторно-курортных учреждений
85,2010,357,82668.0,140253.86834733892,Деятельность санаторно-курортных учреждений,85,85 — Деятельность санаторно-курортных учреждений
85,2011,357,90204.0,155745.21467787115,Деятельность санаторно-курортных учреждений,85,85 — Деятельность санаторно-курортных учреждений
85,2012,357,95251.0,169997.90476190476,Деятельность санаторно-курортных учреждений,85,85 — Деятельность санаторно-курортных учреждений
85,2013,357,96194.0,188944.35014005602,Деятельность санаторно-курортных учреждений,85,85 — Деятельность санаторно-курортных учреждений
85,2014,357,102916.0,208769.5775238095,Деятельность санаторно-курортных учреждений,85,85 — Деятельность санаторно-курортных учреждений
85,2015,357,110823.0,234060.2380952381,Деятельность санаторно-курортных учреждений,85,85 — Деятельность санаторно-курортных учреждений
85,2016,357,112719.0,253270.7731092437,Деятельность санаторно-курортных учреждений,85,85 — Деятельность санаторно-курортных учреждений
85,2017,357,114138.0,256960.13165266108,Деятельность санаторно-курортных учреждений,85,85 — Деятельность санаторно-курортных учреждений
85,2018,357,122456.0,282206.43977591034,Деятельность санаторно-курортных учреждений,85,85 — Деятельность санаторно-курортных учреждений
85,2019,357,119826.0,304234.2156862745,Деятельность санаторно-курортных учреждений,85,85 — Деятельность санаторно-курортных учреждений
85,2020,357,87311.0,278685.4537815126,Деятельность санаторно-курортных учреждений,85,85 — Деятельность санаторно-курортных учреждений
85,2021,357,125833.0,386030.35014005605,Деятельность санаторно-курортных учреждений,85,85 — Деятельность санаторно-курортных учреждений
85,2022,357,149273.0,416227.2380952381,Деятельность санаторно-курортных учреждений,85,85 — Деятельность санаторно-курортных учреждений
93,2003,245,5118.0,14346.895122448981,Организация похорон и предоставление связанных с ними услуг,93,93 — Организация похорон и предоставление связанных с
93,2004,245,6049.0,17148.984146938776,Организация похорон и предоставление связанных с ними услуг,93,93 — Организация похорон и предоставление связанных с
93,2005,245,7156.0,20291.583685714282,Организация похорон и предоставление связанных с ними услуг,93,93 — Организация похорон и предоставление связанных с
93,2006,245,8406.0,25048.517363265306,Организация похорон и предоставление связанных с ними услуг,93,93 — Организация похорон и предоставление связанных с
93,2007,245,10141.0,30379.060281632654,Организация похорон и предоставление связанных с ними услуг,93,93 — Организация похорон и предоставление связанных с
93,2008,245,12241.0,35961.494024489795,Организация похорон и предоставление связанных с ними услуг,93,93 — Организация похорон и предоставление связанных с
93,2009,245,13041.0,38980.144930612245,Организация похорон и предоставление связанных с ними услуг,93,93 — Организация похорон и предоставление связанных с
93,2010,245,14202.0,42748.03305714286,Организация похорон и предоставление связанных с ними услуг,93,93 — Организация похорон и предоставление связанных с
93,2011,245,14565.0,44624.87755102041,Организация похорон и предоставление связанных с ними услуг,93,93 — Организация похорон и предоставление связанных с
93,2012,245,14630.0,45415.522448979595,Организация похорон и предоставление связанных с ними услуг,93,93 — Организация похорон и предоставление связанных с
93,2013,245,15081.0,48414.56734693878,Организация похорон и предоставление связанных с ними услуг,93,93 — Организация похорон и предоставление связанных с
93,2014,245,15049.0,44093.45306122449,Организация похорон и предоставление связанных с ними услуг,93,93 — Организация похорон и предоставление связанных с
93,2015,245,15855.0,43426.836734693876,Организация похорон и предоставление связанных с ними услуг,93,93 — Организация похорон и предоставление связанных с
93,2016,245,15015.0,42406.9306122449,Организация похорон и предоставление связанных с ними услуг,93,93 — Организация похорон и предоставление связанных с
93,2017,245,14698.0,39008.06530612245,Организация похорон и предоставление связанных с ними услуг,93,93 — Организация похорон и предоставление связанных с
93,2018,245,14240.0,38761.522448979595,Организация похорон и предоставление связанных с ними услуг,93,93 — Организация похорон и предоставление связанных с
93,2019,245,13892.0,41172.16035102041,Организация похорон и предоставление связанных с ними услуг,93,93 — Организация похорон и предоставление связанных с
93,2020,245,11840.0,39149.59470204081,Организация похорон и предоставление связанных с ними услуг,93,93 — Организация похорон и предоставление связанных с
93,2021,245,14231.0,49990.70204081633,Организация похорон и предоставление связанных с ними услуг,93,93 — Организация похорон и предоставление связанных с
93,2022,245,15025.0,51935.95102040816,Организация похорон и предоставление связанных с ними услуг,93,93 — Организация похорон и предоставление связанных с
